time,id,origin,destination
1411468346896,e8,nodeA,nodeE
1411468346969,e21,nodeA,nodeA
1411468346897,e3,nodeA,nodeL
1411468346969,e21,nodeA,nodeK
1411468347056,e6,nodeA,nodeD
1411468347131,e1,nodeA,nodeE
1411468347159,e2,nodeA,nodeL
1411468347190,e19,nodeA,nodeG
1411468347223,e9,nodeA,nodeK
1411468347291,e3,nodeL,nodeJ
1411468347306,e19,nodeG,nodeM
1411468347307,e3,nodeJ,nodeL
1411468347316,e4,nodeA,nodeB
1411468347317,e3,nodeL,nodeJ
1411468347355,e7,nodeA,nodeG
1411468347445,e4,nodeB,nodeG
1411468347512,e14,nodeA,nodeJ
1411468347570,e9,nodeK,nodeL
1411468347577,e13,nodeA,nodeM
1411468347611,e21,nodeK,nodeC
1411468347649,e3,nodeJ,nodeD
1411468347722,e16,nodeA,nodeM
1411468347757,e16,nodeM,nodeN
1411468347831,e14,nodeJ,nodeN
1411468347858,e5,nodeA,nodeC
1411468347859,e8,nodeE,nodeD
1411468347946,e12,nodeA,nodeI
1411468348035,e14,nodeN,nodeF
1411468348084,e8,nodeD,nodeJ
1411468348166,e6,nodeD,nodeL
1411468348226,e7,nodeG,nodeE
1411468348306,e13,nodeM,nodeF
1411468348375,e15,nodeA,nodeB
1411468348440,e15,nodeB,nodeI
1411468348454,e5,nodeC,nodeB
1411468348490,e9,nodeL,nodeA
1411468348582,e16,nodeN,nodeB
1411468348657,e10,nodeA,nodeG
1411468348666,e15,nodeI,nodeD
1411468348718,e6,nodeL,nodeC
1411468348719,e11,nodeA,nodeN
1411468348724,e5,nodeB,nodeH
1411468348804,e2,nodeL,nodeM
1411468348823,e6,nodeC,nodeN
1411468348917,e7,nodeE,nodeL
1411468349013,e7,nodeL,nodeK
1411468349013,e10,nodeG,nodeM
1411468349041,e12,nodeI,nodeL
1411468349066,e11,nodeN,nodeC
1411468349164,e7,nodeK,nodeB
1411468349246,e10,nodeM,nodeJ
1411468349318,e19,nodeM,nodeC
1411468349371,e9,nodeA,nodeI
1411468349461,e3,nodeD,nodeF
1411468349469,e6,nodeN,nodeH
1411468349487,e21,nodeC,nodeB
1411468349513,e5,nodeH,nodeL
1411468349586,e13,nodeF,nodeC
1411468349595,e3,nodeF,nodeH
1411468349638,e10,nodeJ,nodeM
1411468349710,e22,nodeA,nodeK
1411468349800,e5,nodeL,nodeF
1411468349872,e14,nodeF,nodeE
1411468349900,e5,nodeF,nodeG
1411468349915,e1,nodeE,nodeJ
1411468349945,e16,nodeB,nodeN
1411468349995,e20,nodeA,nodeC
1411468350085,e7,nodeB,nodeA
1411468350158,e1,nodeJ,nodeN
1411468350164,e8,nodeJ,nodeM
1411468350215,e2,nodeM,nodeC
1411468350300,e5,nodeG,nodeD
1411468350374,e5,nodeD,nodeI
1411468350390,e18,nodeA,nodeG
1411468350390,e7,nodeA,nodeM
1411468350426,e18,nodeG,nodeN
1411468350523,e10,nodeM,nodeH
1411468350606,e21,nodeB,nodeE
1411468350660,e18,nodeN,nodeD
1411468350684,e12,nodeL,nodeN
1411468350741,e3,nodeH,nodeJ
1411468350825,e13,nodeC,nodeA
1411468350866,e19,nodeC,nodeB
1411468350880,e10,nodeH,nodeB
1411468350904,e7,nodeM,nodeB
1411468350915,e18,nodeD,nodeJ
1411468350923,e12,nodeN,nodeF
1411468351021,e18,nodeJ,nodeD
1411468351059,e5,nodeI,nodeB
1411468351079,e10,nodeB,nodeK
1411468351099,e16,nodeN,nodeE
1411468351171,e20,nodeC,nodeA
1411468351233,e7,nodeB,nodeM
1411468351249,e2,nodeC,nodeB
1411468351297,e15,nodeD,nodeH
1411468351311,e11,nodeC,nodeE
1411468351348,e17,nodeA,nodeM
1411468351409,e7,nodeM,nodeL
1411468351451,e12,nodeF,nodeJ
1411468351537,e11,nodeE,nodeG
1411468351575,e14,nodeE,nodeF
1411468351662,e11,nodeG,nodeK
1411468351759,e11,nodeK,nodeE
1411468351794,e17,nodeM,nodeC
1411468351810,e6,nodeH,nodeJ
1411468351862,e13,nodeA,nodeH
1411468351929,e21,nodeE,nodeD
1411468351955,e12,nodeJ,nodeA
1411468352029,e17,nodeC,nodeD
1411468352102,e19,nodeB,nodeD
1411468352150,e20,nodeA,nodeE
1411468352155,e11,nodeE,nodeB
1411468352236,e20,nodeE,nodeJ
1411468352316,e11,nodeB,nodeJ
1411468352375,e22,nodeK,nodeF
1411468352423,e2,nodeB,nodeE
1411468352488,e8,nodeM,nodeG
1411468352502,e16,nodeE,nodeF
1411468352514,e12,nodeA,nodeB
1411468352609,e13,nodeH,nodeK
1411468352663,e5,nodeB,nodeA
1411468352695,e8,nodeG,nodeJ
1411468352759,e2,nodeE,nodeM
1411468352842,e8,nodeJ,nodeI
1411468352923,e13,nodeK,nodeL
1411468352932,e1,nodeN,nodeG
1411468352988,e14,nodeF,nodeH
1411468352991,e6,nodeJ,nodeA
1411468353014,e1,nodeG,nodeL
1411468353057,e2,nodeM,nodeK
1411468353109,e15,nodeH,nodeJ
1411468353152,e10,nodeK,nodeL
1411468353233,e3,nodeJ,nodeD
1411468353327,e17,nodeD,nodeK
1411468353356,e13,nodeL,nodeI
1411468353454,e9,nodeI,nodeB
1411468353553,e7,nodeL,nodeI
1411468353591,e19,nodeD,nodeC
1411468353611,e21,nodeD,nodeG
1411468353703,e18,nodeD,nodeK
1411468353738,e16,nodeF,nodeI
1411468353780,e9,nodeB,nodeE
1411468353858,e13,nodeI,nodeG
1411468353910,e14,nodeH,nodeE
1411468354002,e19,nodeC,nodeK
1411468354040,e17,nodeK,nodeD
1411468354098,e16,nodeI,nodeL
1411468354173,e21,nodeG,nodeN
1411468354231,e11,nodeJ,nodeA
1411468354273,e1,nodeL,nodeE
1411468354316,e6,nodeA,nodeL
1411468354396,e19,nodeK,nodeL
1411468354448,e8,nodeI,nodeJ
1411468354466,e10,nodeL,nodeN
1411468354558,e6,nodeL,nodeA
1411468354607,e18,nodeK,nodeM
1411468354635,e6,nodeA,nodeI
1411468354706,e4,nodeG,nodeF
1411468354725,e22,nodeF,nodeL
1411468354725,e2,nodeK,nodeN
1411468354771,e16,nodeL,nodeF
1411468354775,e15,nodeJ,nodeI
1411468354860,e12,nodeB,nodeE
1411468354871,e8,nodeJ,nodeK
1411468354880,e21,nodeN,nodeK
1411468354979,e3,nodeD,nodeK
1411468355031,e10,nodeN,nodeC
1411468355056,e19,nodeL,nodeN
1411468355072,e4,nodeF,nodeN
1411468355136,e8,nodeK,nodeL
1411468355210,e6,nodeI,nodeN
1411468355262,e7,nodeI,nodeG
1411468355355,e12,nodeE,nodeN
1411468355417,e19,nodeN,nodeL
1411468355442,e19,nodeL,nodeA
1411468355524,e13,nodeG,nodeI
1411468355612,e12,nodeN,nodeF
1411468355690,e3,nodeK,nodeG
1411468355698,e15,nodeI,nodeJ
1411468355785,e3,nodeG,nodeA
1411468355787,e2,nodeN,nodeC
1411468355872,e16,nodeF,nodeH
1411468355936,e1,nodeE,nodeA
1411468355986,e21,nodeK,nodeF
1411468356063,e3,nodeA,nodeC
1411468356071,e7,nodeG,nodeK
1411468356100,e3,nodeC,nodeL
1411468356156,e10,nodeC,nodeI
1411468356225,e4,nodeN,nodeB
1411468356235,e12,nodeF,nodeE
1411468356330,e16,nodeH,nodeM
1411468356386,e10,nodeI,nodeB
1411468356474,e2,nodeC,nodeI
1411468356516,e7,nodeK,nodeF
1411468356531,e21,nodeF,nodeJ
1411468356534,e12,nodeE,nodeF
1411468356600,e5,nodeA,nodeE
1411468356607,e3,nodeL,nodeA
1411468356704,e7,nodeF,nodeJ
1411468356776,e4,nodeB,nodeE
1411468356849,e13,nodeI,nodeL
1411468356855,e21,nodeJ,nodeD
1411468356939,e12,nodeF,nodeM
1411468356983,e22,nodeL,nodeG
1411468356988,e12,nodeM,nodeL
1411468357013,e11,nodeA,nodeC
1411468357103,e17,nodeD,nodeE
1411468357143,e6,nodeN,nodeE
1411468357188,e19,nodeA,nodeF
1411468357261,e6,nodeE,nodeJ
1411468357327,e4,nodeE,nodeJ
1411468357378,e2,nodeI,nodeA
1411468357447,e5,nodeE,nodeB
1411468357516,e18,nodeM,nodeG
1411468357573,e17,nodeE,nodeI
1411468357653,e18,nodeG,nodeN
1411468357745,e5,nodeB,nodeG
1411468357812,e21,nodeD,nodeN
1411468357826,e8,nodeL,nodeG
1411468357892,e8,nodeG,nodeK
1411468357964,e13,nodeL,nodeA
1411468358009,e17,nodeI,nodeD
1411468358107,e11,nodeC,nodeB
1411468358184,e9,nodeE,nodeL
1411468358277,e1,nodeA,nodeL
1411468358348,e7,nodeJ,nodeE
1411468358388,e15,nodeJ,nodeD
1411468358468,e14,nodeE,nodeN
1411468358509,e9,nodeL,nodeH
1411468358581,e4,nodeJ,nodeE
1411468358592,e4,nodeE,nodeC
1411468358630,e18,nodeN,nodeH
1411468358645,e13,nodeA,nodeJ
1411468358714,e18,nodeH,nodeE
1411468358747,e16,nodeM,nodeA
1411468358822,e6,nodeJ,nodeG
1411468358904,e5,nodeG,nodeA
1411468358972,e1,nodeL,nodeD
1411468359023,e17,nodeD,nodeC
1411468359044,e7,nodeE,nodeC
1411468359078,e18,nodeE,nodeL
1411468359147,e2,nodeA,nodeL
1411468359229,e4,nodeC,nodeA
1411468359266,e9,nodeH,nodeF
1411468359266,e11,nodeB,nodeC
1411468359305,e4,nodeA,nodeH
1411468359339,e14,nodeN,nodeI
1411468359404,e16,nodeA,nodeJ
1411468359474,e11,nodeC,nodeB
1411468359564,e16,nodeJ,nodeK
1411468359638,e22,nodeG,nodeA
1411468359685,e19,nodeF,nodeA
1411468359780,e8,nodeK,nodeF
1411468359867,e22,nodeA,nodeH
1411468359931,e4,nodeH,nodeJ
1411468359957,e19,nodeA,nodeN
1411468359979,e20,nodeJ,nodeE
1411468360025,e2,nodeL,nodeM
1411468360074,e16,nodeK,nodeE
1411468360129,e6,nodeG,nodeL
1411468360226,e17,nodeC,nodeN
1411468360261,e6,nodeL,nodeB
1411468360288,e17,nodeN,nodeI
1411468360305,e16,nodeE,nodeH
1411468360315,e11,nodeB,nodeL
1411468360342,e19,nodeN,nodeD
1411468360405,e19,nodeD,nodeA
1411468360473,e17,nodeI,nodeD
1411468360520,e3,nodeA,nodeB
1411468360562,e20,nodeE,nodeA
1411468360634,e18,nodeL,nodeC
1411468360697,e20,nodeA,nodeL
1411468360704,e10,nodeB,nodeD
1411468360730,e20,nodeL,nodeN
1411468360743,e7,nodeC,nodeB
1411468360776,e6,nodeB,nodeH
1411468360874,e21,nodeN,nodeI
1411468360912,e8,nodeF,nodeN
1411468360958,e4,nodeJ,nodeD
1411468360958,e12,nodeL,nodeD
1411468361032,e22,nodeH,nodeF
1411468361036,e21,nodeI,nodeC
1411468361105,e13,nodeJ,nodeG
1411468361150,e3,nodeB,nodeJ
1411468361240,e10,nodeD,nodeM
1411468361264,e8,nodeN,nodeE
1411468361294,e20,nodeN,nodeJ
1411468361320,e20,nodeJ,nodeN
1411468361338,e12,nodeD,nodeL
1411468361383,e21,nodeC,nodeG
1411468361463,e13,nodeG,nodeE
1411468361538,e11,nodeL,nodeD
1411468361542,e18,nodeC,nodeD
1411468361561,e11,nodeD,nodeH
1411468361565,e19,nodeA,nodeH
1411468361565,e13,nodeE,nodeI
1411468361630,e8,nodeE,nodeH
1411468361700,e20,nodeN,nodeM
1411468361744,e22,nodeF,nodeL
1411468361750,e17,nodeD,nodeF
1411468361810,e5,nodeA,nodeJ
1411468361810,e18,nodeD,nodeL
1411468361852,e3,nodeJ,nodeE
1411468361876,e12,nodeL,nodeC
1411468361948,e6,nodeH,nodeL
1411468361948,e17,nodeF,nodeH
1411468362011,e21,nodeG,nodeI
1411468362059,e14,nodeI,nodeD
1411468362062,e2,nodeM,nodeF
1411468362125,e21,nodeI,nodeL
1411468362214,e10,nodeM,nodeF
1411468362238,e12,nodeC,nodeH
1411468362240,e11,nodeH,nodeN
1411468362333,e10,nodeF,nodeN
1411468362404,e11,nodeN,nodeL
1411468362407,e2,nodeF,nodeD
1411468362416,e6,nodeL,nodeA
1411468362467,e21,nodeL,nodeJ
1411468362531,e9,nodeF,nodeK
1411468362622,e21,nodeJ,nodeN
1411468362652,e3,nodeE,nodeK
1411468362676,e11,nodeL,nodeH
1411468362721,e4,nodeD,nodeK
1411468362800,e9,nodeK,nodeJ
1411468362836,e9,nodeJ,nodeM
1411468362846,e22,nodeL,nodeI
1411468362925,e20,nodeM,nodeC
1411468363006,e7,nodeB,nodeE
1411468363036,e14,nodeD,nodeA
1411468363130,e12,nodeH,nodeE
1411468363219,e19,nodeH,nodeL
1411468363265,e18,nodeL,nodeC
1411468363292,e14,nodeA,nodeL
1411468363329,e22,nodeI,nodeM
1411468363416,e12,nodeE,nodeM
1411468363515,e9,nodeM,nodeE
1411468363565,e10,nodeN,nodeK
1411468363658,e4,nodeK,nodeB
1411468363676,e3,nodeK,nodeC
1411468363709,e12,nodeM,nodeK
1411468363797,e1,nodeD,nodeJ
1411468363820,e13,nodeI,nodeB
1411468363890,e13,nodeB,nodeN
1411468363958,e8,nodeH,nodeE
1411468363986,e3,nodeC,nodeL
1411468364079,e22,nodeM,nodeE
1411468364091,e8,nodeE,nodeK
1411468364122,e7,nodeE,nodeJ
1411468364207,e7,nodeJ,nodeB
1411468364254,e19,nodeL,nodeB
1411468364303,e17,nodeH,nodeB
1411468364369,e10,nodeK,nodeD
1411468364447,e11,nodeH,nodeJ
1411468364455,e3,nodeL,nodeJ
1411468364466,e16,nodeH,nodeJ
1411468364473,e11,nodeJ,nodeH
1411468364496,e19,nodeB,nodeH
1411468364502,e12,nodeK,nodeM
1411468364502,e13,nodeN,nodeI
1411468364577,e16,nodeJ,nodeI
1411468364615,e13,nodeI,nodeC
1411468364702,e20,nodeC,nodeM
1411468364794,e9,nodeE,nodeA
1411468364822,e13,nodeC,nodeE
1411468364886,e9,nodeA,nodeL
1411468364963,e10,nodeD,nodeG
1411468365022,e22,nodeE,nodeG
1411468365098,e9,nodeL,nodeK
1411468365105,e17,nodeB,nodeG
1411468365106,e14,nodeL,nodeI
1411468365201,e2,nodeD,nodeB
1411468365220,e13,nodeE,nodeG
1411468365303,e14,nodeI,nodeJ
1411468365331,e19,nodeH,nodeK
1411468365335,e8,nodeK,nodeN
1411468365343,e7,nodeB,nodeN
1411468365405,e1,nodeJ,nodeD
1411468365449,e2,nodeB,nodeF
1411468365498,e2,nodeF,nodeG
1411468365566,e21,nodeN,nodeF
1411468365627,e7,nodeN,nodeF
1411468365711,e11,nodeH,nodeN
1411468365767,e19,nodeK,nodeA
1411468365853,e14,nodeJ,nodeE
1411468365911,e13,nodeG,nodeN
1411468365956,e3,nodeJ,nodeH
1411468366044,e13,nodeN,nodeC
1411468366102,e22,nodeG,nodeI
1411468366119,e10,nodeG,nodeD
1411468366134,e19,nodeA,nodeB
1411468366227,e11,nodeN,nodeG
1411468366283,e17,nodeG,nodeI
1411468366341,e2,nodeG,nodeH
1411468366384,e11,nodeG,nodeH
1411468366442,e7,nodeF,nodeH
1411468366522,e9,nodeK,nodeG
1411468366588,e14,nodeE,nodeH
1411468366596,e18,nodeC,nodeF
1411468366648,e2,nodeH,nodeD
1411468366691,e2,nodeD,nodeJ
1411468366745,e9,nodeG,nodeJ
1411468366807,e19,nodeB,nodeE
1411468366815,e11,nodeH,nodeC
1411468366882,e13,nodeC,nodeN
1411468366885,e11,nodeC,nodeF
1411468366918,e14,nodeH,nodeK
1411468366942,e9,nodeJ,nodeN
1411468367003,e22,nodeI,nodeJ
1411468367028,e14,nodeK,nodeJ
1411468367060,e16,nodeI,nodeJ
1411468367064,e17,nodeI,nodeB
1411468367084,e17,nodeB,nodeG
1411468367161,e11,nodeF,nodeJ
1411468367161,e18,nodeF,nodeA
1411468367190,e9,nodeN,nodeM
1411468367260,e4,nodeB,nodeJ
1411468367265,e6,nodeA,nodeD
1411468367324,e4,nodeJ,nodeG
1411468367379,e16,nodeJ,nodeM
1411468367385,e12,nodeM,nodeD
1411468367450,e1,nodeD,nodeF
1411468367544,e1,nodeF,nodeH
1411468367608,e5,nodeJ,nodeL
1411468367636,e7,nodeH,nodeK
1411468367650,e2,nodeJ,nodeM
1411468367735,e11,nodeJ,nodeF
1411468367811,e18,nodeA,nodeM
1411468367827,e2,nodeM,nodeG
1411468367845,e3,nodeH,nodeC
1411468367877,e5,nodeL,nodeI
1411468367880,e7,nodeK,nodeL
1411468367883,e14,nodeJ,nodeC
1411468367909,e4,nodeG,nodeH
1411468367949,e12,nodeD,nodeF
1411468368036,e14,nodeC,nodeH
1411468368036,e6,nodeD,nodeC
1411468368115,e17,nodeG,nodeF
1411468368182,e22,nodeJ,nodeD
1411468368275,e14,nodeH,nodeJ
1411468368370,e17,nodeF,nodeJ
1411468368453,e18,nodeM,nodeK
1411468368480,e16,nodeM,nodeN
1411468368543,e22,nodeD,nodeI
1411468368571,e7,nodeL,nodeI
1411468368648,e16,nodeN,nodeC
1411468368726,e8,nodeN,nodeF
1411468368800,e19,nodeE,nodeB
1411468368833,e16,nodeC,nodeF
1411468368883,e5,nodeI,nodeH
1411468368918,e21,nodeF,nodeJ
1411468368933,e14,nodeJ,nodeC
1411468368936,e2,nodeG,nodeK
1411468368941,e3,nodeC,nodeH
1411468368948,e19,nodeB,nodeC
1411468368998,e13,nodeN,nodeA
1411468369057,e4,nodeH,nodeK
1411468369084,e2,nodeK,nodeE
1411468369162,e1,nodeH,nodeJ
1411468369173,e6,nodeC,nodeE
1411468369244,e14,nodeC,nodeE
1411468369314,e17,nodeJ,nodeF
1411468369355,e7,nodeI,nodeB
1411468369436,e2,nodeE,nodeM
1411468369443,e21,nodeJ,nodeE
1411468369450,e21,nodeE,nodeG
1411468369479,e20,nodeM,nodeC
1411468369549,e14,nodeE,nodeA
1411468369564,e12,nodeF,nodeH
1411468369646,e8,nodeF,nodeD
1411468369656,e1,nodeJ,nodeK
1411468369724,e7,nodeB,nodeA
1411468369792,e15,nodeD,nodeL
1411468369842,e18,nodeK,nodeF
1411468369932,e16,nodeF,nodeJ
1411468370010,e22,nodeI,nodeC
1411468370023,e6,nodeE,nodeJ
1411468370078,e4,nodeK,nodeN
1411468370159,e5,nodeH,nodeD
1411468370176,e14,nodeA,nodeI
1411468370191,e6,nodeJ,nodeN
1411468370282,e15,nodeL,nodeD
1411468370351,e16,nodeJ,nodeE
1411468370430,e15,nodeD,nodeG
1411468370459,e10,nodeD,nodeF
1411468370496,e10,nodeF,nodeE
1411468370507,e17,nodeF,nodeJ
1411468370542,e19,nodeC,nodeF
1411468370614,e21,nodeG,nodeE
1411468370662,e10,nodeE,nodeL
1411468370734,e20,nodeC,nodeM
1411468370782,e10,nodeL,nodeH
1411468370850,e18,nodeF,nodeE
1411468370880,e7,nodeA,nodeG
1411468370961,e14,nodeI,nodeN
1411468371035,e4,nodeN,nodeM
1411468371130,e21,nodeE,nodeI
1411468371189,e16,nodeE,nodeI
1411468371215,e22,nodeC,nodeM
1411468371259,e2,nodeM,nodeK
1411468371261,e21,nodeI,nodeJ
1411468371281,e20,nodeM,nodeB
1411468371304,e17,nodeJ,nodeA
1411468371350,e3,nodeH,nodeI
1411468371428,e1,nodeK,nodeI
1411468371492,e10,nodeH,nodeL
1411468371551,e13,nodeA,nodeL
1411468371649,e20,nodeB,nodeJ
1411468371675,e3,nodeI,nodeB
1411468371710,e4,nodeM,nodeJ
1411468371760,e19,nodeF,nodeA
1411468371857,e14,nodeN,nodeC
1411468371866,e16,nodeI,nodeL
1411468371908,e2,nodeK,nodeI
1411468371963,e10,nodeL,nodeA
1411468372051,e10,nodeA,nodeG
1411468372068,e20,nodeJ,nodeN
1411468372150,e16,nodeL,nodeG
1411468372237,e16,nodeG,nodeA
1411468372272,e18,nodeE,nodeN
1411468372319,e7,nodeG,nodeI
1411468372356,e5,nodeD,nodeG
1411468372396,e21,nodeJ,nodeB
1411468372404,e8,nodeD,nodeF
1411468372500,e7,nodeI,nodeE
1411468372585,e1,nodeI,nodeF
1411468372675,e7,nodeE,nodeH
1411468372706,e20,nodeN,nodeK
1411468372792,e9,nodeM,nodeD
1411468372868,e10,nodeG,nodeJ
1411468372915,e7,nodeH,nodeA
1411468373012,e16,nodeA,nodeF
1411468373018,e13,nodeL,nodeK
1411468373035,e10,nodeJ,nodeN
1411468373073,e16,nodeF,nodeK
1411468373130,e16,nodeK,nodeJ
1411468373143,e16,nodeJ,nodeK
1411468373187,e22,nodeM,nodeI
1411468373270,e16,nodeK,nodeE
1411468373292,e13,nodeK,nodeN
1411468373386,e12,nodeH,nodeA
1411468373441,e20,nodeK,nodeC
1411468373529,e2,nodeI,nodeA
1411468373601,e15,nodeG,nodeL
1411468373641,e7,nodeA,nodeL
1411468373648,e12,nodeA,nodeF
1411468373707,e12,nodeF,nodeH
1411468373712,e5,nodeG,nodeN
1411468373800,e9,nodeD,nodeJ
1411468373808,e9,nodeJ,nodeM
1411468373814,e8,nodeF,nodeB
1411468373849,e2,nodeA,nodeI
1411468373895,e15,nodeL,nodeH
1411468373964,e2,nodeI,nodeL
1411468373990,e13,nodeN,nodeD
1411468374056,e14,nodeC,nodeB
1411468374072,e5,nodeN,nodeB
1411468374161,e4,nodeJ,nodeB
1411468374232,e1,nodeF,nodeD
1411468374246,e1,nodeD,nodeC
1411468374273,e15,nodeH,nodeI
1411468374326,e6,nodeN,nodeA
1411468374425,e3,nodeB,nodeL
1411468374479,e7,nodeL,nodeI
1411468374551,e5,nodeB,nodeE
1411468374644,e8,nodeB,nodeK
1411468374723,e20,nodeC,nodeK
1411468374816,e7,nodeI,nodeN
1411468374855,e13,nodeD,nodeH
1411468374901,e19,nodeA,nodeK
1411468374979,e9,nodeM,nodeF
1411468374984,e1,nodeC,nodeJ
1411468375077,e19,nodeK,nodeL
1411468375104,e4,nodeB,nodeJ
1411468375135,e17,nodeA,nodeH
1411468375230,e16,nodeE,nodeA
1411468375231,e15,nodeI,nodeC
1411468375278,e19,nodeL,nodeD
1411468375326,e16,nodeA,nodeM
1411468375357,e18,nodeN,nodeH
1411468375375,e10,nodeN,nodeB
1411468375395,e3,nodeL,nodeM
1411468375492,e18,nodeH,nodeM
1411468375575,e1,nodeJ,nodeI
1411468375632,e20,nodeK,nodeC
1411468375665,e7,nodeN,nodeI
1411468375681,e20,nodeC,nodeI
1411468375729,e9,nodeF,nodeA
1411468375783,e11,nodeF,nodeA
1411468375834,e19,nodeD,nodeA
1411468375917,e22,nodeI,nodeD
1411468375989,e20,nodeI,nodeD
1411468376086,e10,nodeB,nodeF
1411468376117,e17,nodeH,nodeM
1411468376148,e6,nodeA,nodeJ
1411468376155,e4,nodeJ,nodeL
1411468376202,e5,nodeE,nodeA
1411468376248,e15,nodeC,nodeL
1411468376345,e10,nodeF,nodeG
1411468376350,e2,nodeL,nodeC
1411468376379,e4,nodeL,nodeA
1411468376448,e20,nodeD,nodeE
1411468376534,e1,nodeI,nodeA
1411468376541,e3,nodeM,nodeE
1411468376614,e13,nodeH,nodeE
1411468376627,e11,nodeA,nodeM
1411468376635,e8,nodeK,nodeC
1411468376701,e12,nodeH,nodeA
1411468376724,e12,nodeA,nodeH
1411468376766,e17,nodeM,nodeG
1411468376845,e20,nodeE,nodeM
1411468376924,e10,nodeG,nodeN
1411468376980,e10,nodeN,nodeF
1411468376998,e21,nodeB,nodeC
1411468377071,e13,nodeE,nodeA
1411468377111,e10,nodeF,nodeM
1411468377150,e22,nodeD,nodeJ
1411468377178,e14,nodeB,nodeN
1411468377263,e3,nodeE,nodeJ
1411468377279,e10,nodeM,nodeB
1411468377306,e14,nodeN,nodeB
1411468377398,e8,nodeC,nodeK
1411468377415,e15,nodeL,nodeJ
1411468377457,e12,nodeH,nodeG
1411468377543,e3,nodeJ,nodeB
1411468377605,e19,nodeA,nodeK
1411468377630,e5,nodeA,nodeL
1411468377659,e4,nodeA,nodeN
1411468377753,e19,nodeK,nodeD
1411468377845,e10,nodeB,nodeA
1411468377850,e4,nodeN,nodeJ
1411468377937,e15,nodeJ,nodeD
1411468377958,e4,nodeJ,nodeH
1411468378019,e9,nodeA,nodeK
1411468378087,e18,nodeM,nodeC
1411468378123,e5,nodeL,nodeG
1411468378158,e17,nodeG,nodeJ
1411468378199,e15,nodeD,nodeA
1411468378243,e12,nodeG,nodeB
1411468378317,e11,nodeM,nodeE
1411468378319,e21,nodeC,nodeM
1411468378412,e5,nodeG,nodeK
1411468378412,e1,nodeA,nodeC
1411468378448,e4,nodeH,nodeM
1411468378458,e6,nodeJ,nodeN
1411468378476,e10,nodeA,nodeG
1411468378501,e10,nodeG,nodeK
1411468378517,e1,nodeC,nodeG
1411468378529,e6,nodeN,nodeM
1411468378571,e17,nodeJ,nodeL
1411468378622,e16,nodeM,nodeI
1411468378622,e17,nodeL,nodeG
1411468378716,e5,nodeK,nodeI
1411468378723,e3,nodeB,nodeL
1411468378786,e4,nodeM,nodeE
1411468378859,e3,nodeL,nodeA
1411468378871,e1,nodeG,nodeA
1411468378956,e1,nodeA,nodeH
1411468378969,e21,nodeM,nodeA
1411468379030,e13,nodeA,nodeH
1411468379036,e16,nodeI,nodeG
1411468379067,e15,nodeA,nodeC
1411468379106,e15,nodeC,nodeD
1411468379128,e1,nodeH,nodeJ
1411468379180,e14,nodeB,nodeK
1411468379273,e16,nodeG,nodeI
1411468379283,e15,nodeD,nodeF
1411468379310,e12,nodeB,nodeE
1411468379327,e13,nodeH,nodeF
1411468379426,e2,nodeC,nodeE
1411468379486,e6,nodeM,nodeE
1411468379563,e16,nodeI,nodeE
1411468379617,e10,nodeK,nodeI
1411468379698,e9,nodeK,nodeH
1411468379778,e1,nodeJ,nodeM
1411468379798,e21,nodeA,nodeF
1411468379874,e21,nodeF,nodeG
1411468379913,e20,nodeM,nodeI
1411468379941,e1,nodeM,nodeF
1411468379981,e21,nodeG,nodeL
1411468380042,e17,nodeG,nodeH
1411468380126,e16,nodeE,nodeF
1411468380144,e1,nodeF,nodeL
1411468380162,e4,nodeE,nodeC
1411468380175,e4,nodeC,nodeJ
1411468380247,e20,nodeI,nodeC
1411468380255,e9,nodeH,nodeF
1411468380328,e15,nodeF,nodeL
1411468380340,e20,nodeC,nodeI
1411468380382,e4,nodeJ,nodeE
1411468380479,e5,nodeI,nodeC
1411468380525,e16,nodeF,nodeH
1411468380571,e2,nodeE,nodeN
1411468380587,e9,nodeF,nodeI
1411468380682,e21,nodeL,nodeH
1411468380685,e8,nodeK,nodeM
1411468380730,e15,nodeL,nodeG
1411468380801,e16,nodeH,nodeL
1411468380869,e19,nodeD,nodeA
1411468380934,e20,nodeI,nodeC
1411468380966,e11,nodeE,nodeD
1411468380996,e21,nodeH,nodeG
1411468381052,e9,nodeI,nodeF
1411468381094,e6,nodeE,nodeG
1411468381170,e1,nodeL,nodeJ
1411468381234,e22,nodeJ,nodeH
1411468381332,e8,nodeM,nodeH
1411468381347,e20,nodeC,nodeK
1411468381428,e22,nodeH,nodeF
1411468381447,e12,nodeE,nodeD
1411468381537,e12,nodeD,nodeE
1411468381573,e6,nodeG,nodeN
1411468381648,e3,nodeA,nodeC
1411468381743,e3,nodeC,nodeI
1411468381805,e17,nodeH,nodeN
1411468381820,e16,nodeL,nodeI
1411468381880,e9,nodeF,nodeD
1411468381899,e4,nodeE,nodeF
1411468381974,e19,nodeA,nodeC
1411468382050,e2,nodeN,nodeE
1411468382075,e4,nodeF,nodeH
1411468382162,e10,nodeI,nodeL
1411468382226,e18,nodeC,nodeF
1411468382265,e5,nodeC,nodeG
1411468382305,e3,nodeI,nodeK
1411468382370,e16,nodeI,nodeD
1411468382468,e8,nodeH,nodeI
1411468382493,e18,nodeF,nodeI
1411468382495,e4,nodeH,nodeC
1411468382555,e6,nodeN,nodeH
1411468382592,e21,nodeG,nodeB
1411468382618,e18,nodeI,nodeL
1411468382635,e10,nodeL,nodeG
1411468382718,e17,nodeN,nodeD
1411468382721,e12,nodeE,nodeH
1411468382757,e9,nodeD,nodeE
1411468382828,e14,nodeK,nodeE
1411468382873,e17,nodeD,nodeB
1411468382910,e3,nodeK,nodeA
1411468382980,e1,nodeJ,nodeA
1411468383059,e1,nodeA,nodeM
1411468383158,e4,nodeC,nodeB
1411468383213,e10,nodeG,nodeJ
1411468383230,e8,nodeI,nodeE
1411468383273,e7,nodeI,nodeD
1411468383291,e12,nodeH,nodeN
1411468383335,e15,nodeG,nodeK
1411468383412,e9,nodeE,nodeB
1411468383430,e22,nodeF,nodeI
1411468383457,e12,nodeN,nodeA
1411468383540,e6,nodeH,nodeA
1411468383598,e20,nodeK,nodeC
1411468383676,e21,nodeB,nodeD
1411468383708,e21,nodeD,nodeH
1411468383761,e10,nodeJ,nodeM
1411468383830,e18,nodeL,nodeK
1411468383846,e5,nodeG,nodeB
1411468383943,e6,nodeA,nodeK
1411468384011,e9,nodeB,nodeG
1411468384106,e3,nodeA,nodeD
1411468384109,e18,nodeK,nodeH
1411468384113,e13,nodeF,nodeC
1411468384171,e9,nodeG,nodeH
1411468384198,e9,nodeH,nodeC
1411468384293,e18,nodeH,nodeN
1411468384298,e7,nodeD,nodeE
1411468384308,e15,nodeK,nodeJ
1411468384368,e5,nodeB,nodeM
1411468384447,e19,nodeC,nodeN
1411468384463,e2,nodeE,nodeA
1411468384551,e8,nodeE,nodeB
1411468384553,e19,nodeN,nodeI
1411468384610,e2,nodeA,nodeC
1411468384677,e12,nodeA,nodeF
1411468384688,e2,nodeC,nodeN
1411468384690,e9,nodeC,nodeJ
1411468384754,e18,nodeN,nodeG
1411468384851,e22,nodeI,nodeB
1411468384928,e6,nodeK,nodeL
1411468384986,e5,nodeM,nodeE
1411468385028,e10,nodeM,nodeN
1411468385077,e11,nodeD,nodeH
1411468385090,e3,nodeD,nodeF
1411468385131,e9,nodeJ,nodeA
1411468385141,e1,nodeM,nodeJ
1411468385154,e15,nodeJ,nodeD
1411468385209,e4,nodeB,nodeD
1411468385225,e4,nodeD,nodeM
1411468385237,e21,nodeH,nodeC
1411468385252,e6,nodeL,nodeE
1411468385306,e1,nodeJ,nodeN
1411468385346,e8,nodeB,nodeN
1411468385363,e20,nodeC,nodeB
1411468385372,e12,nodeF,nodeM
1411468385401,e4,nodeM,nodeH
1411468385423,e5,nodeE,nodeC
1411468385452,e10,nodeN,nodeJ
1411468385496,e21,nodeC,nodeK
1411468385518,e1,nodeN,nodeF
1411468385525,e13,nodeC,nodeF
1411468385615,e10,nodeJ,nodeI
1411468385666,e1,nodeF,nodeJ
1411468385686,e10,nodeI,nodeB
1411468385756,e10,nodeB,nodeH
1411468385830,e22,nodeB,nodeD
1411468385888,e22,nodeD,nodeA
1411468385981,e12,nodeM,nodeE
1411468386049,e1,nodeJ,nodeL
1411468386125,e12,nodeE,nodeK
1411468386215,e6,nodeE,nodeB
1411468386292,e11,nodeH,nodeA
1411468386385,e5,nodeC,nodeN
1411468386409,e14,nodeE,nodeK
1411468386445,e7,nodeE,nodeB
1411468386485,e12,nodeK,nodeA
1411468386555,e8,nodeN,nodeE
1411468386635,e9,nodeA,nodeG
1411468386716,e12,nodeA,nodeG
1411468386814,e17,nodeB,nodeM
1411468386904,e20,nodeB,nodeD
1411468386917,e10,nodeH,nodeG
1411468386927,e11,nodeA,nodeM
1411468386967,e9,nodeG,nodeD
1411468387056,e4,nodeH,nodeI
1411468387136,e4,nodeI,nodeA
1411468387234,e9,nodeD,nodeM
1411468387258,e6,nodeB,nodeH
1411468387355,e6,nodeH,nodeM
1411468387414,e12,nodeG,nodeN
1411468387424,e22,nodeA,nodeC
1411468387459,e18,nodeG,nodeC
1411468387528,e17,nodeM,nodeC
1411468387583,e21,nodeK,nodeG
1411468387642,e13,nodeF,nodeM
1411468387665,e14,nodeK,nodeM
1411468387736,e13,nodeM,nodeB
1411468387795,e17,nodeC,nodeH
1411468387797,e4,nodeA,nodeB
1411468387836,e20,nodeD,nodeK
1411468387916,e3,nodeF,nodeB
1411468387919,e9,nodeM,nodeN
1411468387990,e18,nodeC,nodeM
1411468388000,e4,nodeB,nodeH
1411468388088,e20,nodeK,nodeN
1411468388097,e5,nodeN,nodeL
1411468388174,e14,nodeM,nodeN
1411468388242,e22,nodeC,nodeG
1411468388331,e21,nodeG,nodeN
1411468388421,e13,nodeB,nodeD
1411468388484,e19,nodeI,nodeK
1411468388536,e14,nodeN,nodeB
1411468388559,e21,nodeN,nodeF
1411468388636,e20,nodeN,nodeC
1411468388650,e6,nodeM,nodeG
1411468388657,e10,nodeG,nodeI
1411468388698,e14,nodeB,nodeD
1411468388728,e14,nodeD,nodeB
1411468388744,e22,nodeG,nodeM
1411468388824,e5,nodeL,nodeG
1411468388825,e6,nodeG,nodeH
1411468388834,e1,nodeL,nodeK
1411468388907,e22,nodeM,nodeI
1411468388960,e12,nodeN,nodeE
1411468388963,e12,nodeE,nodeH
1411468389037,e1,nodeK,nodeJ
1411468389069,e14,nodeB,nodeD
1411468389087,e1,nodeJ,nodeD
1411468389129,e21,nodeF,nodeN
1411468389173,e18,nodeM,nodeA
1411468389190,e6,nodeH,nodeI
1411468389240,e4,nodeH,nodeN
1411468389324,e19,nodeK,nodeL
1411468389334,e18,nodeA,nodeC
1411468389371,e10,nodeI,nodeE
1411468389441,e11,nodeM,nodeB
1411468389476,e20,nodeC,nodeH
1411468389558,e12,nodeH,nodeE
1411468389579,e20,nodeH,nodeM
1411468389661,e7,nodeB,nodeH
1411468389748,e4,nodeN,nodeH
1411468389819,e9,nodeN,nodeH
1411468389854,e14,nodeD,nodeN
1411468389889,e1,nodeD,nodeG
1411468389890,e15,nodeD,nodeH
1411468389900,e10,nodeE,nodeN
1411468389965,e19,nodeL,nodeI
1411468389997,e14,nodeN,nodeA
1411468390025,e10,nodeN,nodeH
1411468390111,e14,nodeA,nodeI
1411468390181,e5,nodeG,nodeC
1411468390253,e16,nodeD,nodeH
1411468390326,e4,nodeH,nodeM
1411468390361,e3,nodeB,nodeE
1411468390397,e7,nodeH,nodeA
1411468390401,e5,nodeC,nodeE
1411468390495,e12,nodeE,nodeL
1411468390503,e14,nodeI,nodeG
1411468390519,e7,nodeA,nodeD
1411468390594,e12,nodeL,nodeC
1411468390621,e13,nodeD,nodeG
1411468390715,e20,nodeM,nodeJ
1411468390812,e1,nodeG,nodeA
1411468390834,e6,nodeI,nodeC
1411468390919,e2,nodeN,nodeG
1411468390968,e20,nodeJ,nodeE
1411468391034,e7,nodeD,nodeC
1411468391060,e4,nodeM,nodeB
1411468391119,e8,nodeE,nodeG
1411468391137,e7,nodeC,nodeN
1411468391171,e18,nodeC,nodeG
1411468391236,e15,nodeH,nodeK
1411468391322,e11,nodeB,nodeC
1411468391380,e6,nodeC,nodeJ
1411468391396,e4,nodeB,nodeC
1411468391402,e6,nodeJ,nodeK
1411468391466,e6,nodeK,nodeC
1411468391550,e3,nodeE,nodeK
1411468391605,e17,nodeH,nodeJ
1411468391681,e15,nodeK,nodeH
1411468391719,e13,nodeG,nodeE
1411468391777,e15,nodeH,nodeB
1411468391824,e5,nodeE,nodeC
1411468391913,e17,nodeJ,nodeA
1411468391996,e5,nodeC,nodeK
1411468392095,e12,nodeC,nodeN
1411468392189,e5,nodeK,nodeG
1411468392236,e10,nodeH,nodeG
1411468392254,e9,nodeH,nodeM
1411468392329,e16,nodeH,nodeA
1411468392373,e18,nodeG,nodeD
1411468392419,e9,nodeM,nodeG
1411468392489,e11,nodeC,nodeL
1411468392538,e19,nodeI,nodeB
1411468392564,e17,nodeA,nodeK
1411468392579,e11,nodeL,nodeD
1411468392678,e2,nodeG,nodeJ
1411468392695,e17,nodeK,nodeF
1411468392775,e10,nodeG,nodeK
1411468392837,e3,nodeK,nodeD
1411468392837,e11,nodeD,nodeG
1411468392883,e10,nodeK,nodeJ
1411468392925,e22,nodeI,nodeD
1411468392947,e22,nodeD,nodeB
1411468393041,e11,nodeG,nodeK
1411468393079,e20,nodeE,nodeK
1411468393110,e19,nodeB,nodeM
1411468393165,e8,nodeG,nodeB
1411468393180,e21,nodeN,nodeH
1411468393237,e1,nodeA,nodeE
1411468393267,e12,nodeN,nodeH
1411468393295,e8,nodeB,nodeA
1411468393301,e12,nodeH,nodeE
1411468393311,e18,nodeD,nodeM
1411468393403,e5,nodeG,nodeM
1411468393497,e16,nodeA,nodeF
1411468393548,e2,nodeJ,nodeG
1411468393610,e3,nodeD,nodeF
1411468393702,e9,nodeG,nodeN
1411468393703,e6,nodeC,nodeJ
1411468393740,e2,nodeG,nodeK
1411468393769,e13,nodeE,nodeH
1411468393772,e16,nodeF,nodeH
1411468393831,e14,nodeG,nodeI
1411468393882,e11,nodeK,nodeC
1411468393882,e16,nodeH,nodeB
1411468393957,e19,nodeM,nodeG
1411468394015,e15,nodeB,nodeL
1411468394021,e17,nodeF,nodeJ
1411468394082,e3,nodeF,nodeD
1411468394143,e9,nodeN,nodeH
1411468394152,e11,nodeC,nodeF
1411468394206,e10,nodeJ,nodeG
1411468394296,e15,nodeL,nodeN
1411468394366,e11,nodeF,nodeL
1411468394460,e13,nodeH,nodeM
1411468394535,e4,nodeC,nodeJ
1411468394568,e6,nodeJ,nodeE
1411468394629,e20,nodeK,nodeA
1411468394644,e14,nodeI,nodeC
1411468394699,e19,nodeG,nodeC
1411468394716,e7,nodeN,nodeM
1411468394739,e15,nodeN,nodeD
1411468394803,e5,nodeM,nodeB
1411468394887,e19,nodeC,nodeB
1411468394909,e21,nodeH,nodeN
1411468394948,e2,nodeK,nodeE
1411468395000,e18,nodeM,nodeB
1411468395003,e16,nodeB,nodeH
1411468395013,e21,nodeN,nodeB
1411468395063,e15,nodeD,nodeL
1411468395149,e16,nodeH,nodeC
1411468395231,e13,nodeM,nodeJ
1411468395254,e17,nodeJ,nodeA
1411468395328,e14,nodeC,nodeG
1411468395345,e10,nodeG,nodeB
1411468395380,e21,nodeB,nodeD
1411468395475,e14,nodeG,nodeN
1411468395540,e22,nodeB,nodeK
1411468395583,e14,nodeN,nodeD
1411468395606,e4,nodeJ,nodeM
1411468395648,e19,nodeB,nodeL
1411468395746,e8,nodeA,nodeM
1411468395808,e8,nodeM,nodeI
1411468395848,e8,nodeI,nodeF
