time,id,origin,destiny0,e1,undefined,nodeA
0,e2,undefined,nodeA
0,e3,undefined,nodeA
0,e4,undefined,nodeA
0,e5,undefined,nodeA
0,e6,undefined,nodeA
0,e7,undefined,nodeA
0,e8,undefined,nodeA
0,e9,undefined,nodeA
0,e10,undefined,nodeA
0,e11,undefined,nodeA
0,e12,undefined,nodeA
0,e13,undefined,nodeA
0,e14,undefined,nodeA
0,e15,undefined,nodeA
0,e16,undefined,nodeA
0,e17,undefined,nodeA
0,e18,undefined,nodeA
0,e19,undefined,nodeA
0,e20,undefined,nodeA
0,e21,undefined,nodeA
0,e22,undefined,nodeA
1411468299557,e16,nodeA,nodeE
1411468299649,e3,nodeA,nodeG
1411468299737,e19,nodeA,nodeB
1411468299831,e8,nodeA,nodeK
1411468299881,e18,nodeA,nodeL
1411468299949,e18,nodeL,nodeE
1411468299950,e15,nodeA,nodeD
1411468299983,e7,nodeA,nodeM
1411468300052,e17,nodeA,nodeG
1411468300128,e2,nodeA,nodeE
1411468300131,e6,nodeA,nodeN
1411468300183,e22,nodeA,nodeM
1411468300193,e1,nodeA,nodeL
1411468300242,e10,nodeA,nodeB
1411468300249,e21,nodeA,nodeL
1411468300307,e22,nodeM,nodeB
1411468300325,e18,nodeE,nodeM
1411468300373,e14,nodeA,nodeC
1411468300414,e10,nodeB,nodeJ
1411468300482,e6,nodeN,nodeI
1411468300572,e1,nodeL,nodeI
1411468300578,e2,nodeE,nodeB
1411468300668,e13,nodeA,nodeG
1411468300749,e21,nodeL,nodeB
1411468300840,e2,nodeB,nodeJ
1411468300917,e7,nodeM,nodeF
1411468300974,e2,nodeJ,nodeA
1411468301047,e2,nodeA,nodeF
1411468301143,e13,nodeG,nodeK
1411468301167,e20,nodeA,nodeG
1411468301204,e17,nodeG,nodeK
1411468301288,e13,nodeK,nodeC
1411468301379,e6,nodeI,nodeN
1411468301418,e12,nodeA,nodeN
1411468301457,e11,nodeA,nodeB
1411468301489,e21,nodeB,nodeD
1411468301554,e7,nodeF,nodeI
1411468301562,e21,nodeD,nodeK
1411468301579,e11,nodeB,nodeD
1411468301612,e17,nodeK,nodeA
1411468301630,e14,nodeC,nodeE
1411468301703,e16,nodeE,nodeM
1411468301775,e9,nodeA,nodeK
1411468301819,e12,nodeN,nodeB
1411468301906,e1,nodeI,nodeD
1411468301971,e20,nodeG,nodeK
1411468302039,e22,nodeB,nodeH
1411468302049,e10,nodeJ,nodeE
1411468302068,e22,nodeH,nodeN
1411468302099,e1,nodeD,nodeB
1411468302185,e17,nodeA,nodeB
1411468302222,e15,nodeD,nodeE
1411468302222,e5,nodeA,nodeI
1411468302226,e14,nodeE,nodeC
1411468302325,e19,nodeB,nodeF
1411468302361,e22,nodeN,nodeI
1411468302406,e22,nodeI,nodeE
1411468302438,e18,nodeM,nodeD
1411468302459,e1,nodeB,nodeJ
1411468302537,e15,nodeE,nodeK
1411468302585,e21,nodeK,nodeB
1411468302636,e4,nodeA,nodeD
1411468302693,e19,nodeF,nodeM
1411468302774,e19,nodeM,nodeC
1411468302868,e5,nodeI,nodeK
1411468302889,e4,nodeD,nodeN
1411468302957,e19,nodeC,nodeG
1411468303005,e15,nodeK,nodeD
1411468303068,e19,nodeG,nodeC
1411468303167,e3,nodeG,nodeB
1411468303211,e17,nodeB,nodeN
1411468303278,e19,nodeC,nodeK
1411468303312,e18,nodeD,nodeG
1411468303366,e17,nodeN,nodeI
1411468303421,e20,nodeK,nodeM
1411468303499,e11,nodeD,nodeL
1411468303507,e13,nodeC,nodeL
1411468303565,e14,nodeC,nodeH
1411468303604,e11,nodeL,nodeM
1411468303609,e13,nodeL,nodeE
1411468303705,e5,nodeK,nodeN
1411468303789,e21,nodeB,nodeF
1411468303866,e16,nodeM,nodeN
1411468303920,e16,nodeN,nodeA
1411468304005,e3,nodeB,nodeK
1411468304095,e12,nodeB,nodeM
1411468304153,e8,nodeK,nodeJ
1411468304220,e8,nodeJ,nodeL
1411468304238,e11,nodeM,nodeE
1411468304262,e7,nodeI,nodeB
1411468304324,e13,nodeE,nodeI
1411468304340,e15,nodeD,nodeF
1411468304348,e22,nodeE,nodeL
1411468304380,e20,nodeM,nodeD
1411468304456,e22,nodeL,nodeB
1411468304538,e6,nodeN,nodeD
1411468304540,e22,nodeB,nodeC
1411468304561,e18,nodeG,nodeI
1411468304620,e10,nodeE,nodeD
1411468304653,e17,nodeI,nodeL
1411468304747,e6,nodeD,nodeH
1411468304822,e1,nodeJ,nodeE
1411468304903,e7,nodeB,nodeG
1411468304964,e21,nodeF,nodeK
1411468305051,e18,nodeI,nodeD
1411468305055,e19,nodeK,nodeE
1411468305122,e11,nodeE,nodeB
1411468305141,e2,nodeF,nodeI
1411468305240,e13,nodeI,nodeE
1411468305333,e7,nodeG,nodeC
1411468305362,e6,nodeH,nodeK
1411468305393,e3,nodeK,nodeJ
1411468305404,e4,nodeN,nodeL
1411468305421,e4,nodeL,nodeM
1411468305516,e21,nodeK,nodeJ
1411468305557,e11,nodeB,nodeN
1411468305576,e15,nodeF,nodeL
1411468305623,e7,nodeC,nodeI
1411468305679,e13,nodeE,nodeH
1411468305704,e4,nodeM,nodeA
1411468305793,e8,nodeL,nodeE
1411468305806,e6,nodeK,nodeC
1411468305862,e8,nodeE,nodeA
1411468305937,e6,nodeC,nodeD
1411468305939,e4,nodeA,nodeJ
1411468305940,e17,nodeL,nodeK
1411468306020,e17,nodeK,nodeF
1411468306058,e6,nodeD,nodeB
1411468306062,e1,nodeE,nodeC
1411468306079,e17,nodeF,nodeA
1411468306148,e13,nodeH,nodeA
1411468306193,e8,nodeA,nodeI
1411468306283,e20,nodeD,nodeK
1411468306369,e18,nodeD,nodeN
1411468306467,e1,nodeC,nodeF
1411468306483,e18,nodeN,nodeH
1411468306503,e1,nodeF,nodeH
1411468306557,e1,nodeH,nodeG
1411468306614,e6,nodeB,nodeI
1411468306624,e12,nodeM,nodeN
1411468306635,e9,nodeK,nodeJ
1411468306695,e17,nodeA,nodeG
1411468306706,e17,nodeG,nodeD
1411468306749,e12,nodeN,nodeA
1411468306755,e19,nodeE,nodeJ
1411468306823,e8,nodeI,nodeL
1411468306879,e20,nodeK,nodeD
1411468306940,e17,nodeD,nodeJ
1411468306941,e10,nodeD,nodeA
1411468306946,e22,nodeC,nodeL
1411468307016,e4,nodeJ,nodeN
1411468307078,e6,nodeI,nodeC
1411468307152,e18,nodeH,nodeJ
1411468307168,e8,nodeL,nodeJ
1411468307217,e17,nodeJ,nodeL
1411468307259,e1,nodeG,nodeE
1411468307313,e2,nodeI,nodeE
1411468307324,e2,nodeE,nodeM
1411468307380,e11,nodeN,nodeH
1411468307460,e18,nodeJ,nodeM
1411468307517,e6,nodeC,nodeE
1411468307590,e20,nodeD,nodeA
1411468307689,e20,nodeA,nodeJ
1411468307768,e18,nodeM,nodeN
1411468307835,e12,nodeA,nodeI
1411468307868,e6,nodeE,nodeD
1411468307960,e7,nodeI,nodeJ
1411468308023,e15,nodeL,nodeD
1411468308099,e6,nodeD,nodeL
1411468308163,e2,nodeM,nodeF
1411468308186,e7,nodeJ,nodeI
1411468308282,e3,nodeJ,nodeE
1411468308290,e10,nodeA,nodeM
1411468308359,e17,nodeL,nodeD
1411468308446,e12,nodeI,nodeL
1411468308503,e16,nodeA,nodeF
1411468308576,e4,nodeN,nodeJ
1411468308622,e18,nodeN,nodeH
1411468308669,e5,nodeN,nodeG
1411468308741,e3,nodeE,nodeG
1411468308754,e6,nodeL,nodeE
1411468308829,e2,nodeF,nodeI
1411468308910,e22,nodeL,nodeK
1411468308972,e4,nodeJ,nodeG
1411468309006,e21,nodeJ,nodeH
1411468309010,e5,nodeG,nodeJ
1411468309065,e20,nodeJ,nodeB
1411468309079,e14,nodeH,nodeI
1411468309140,e10,nodeM,nodeL
1411468309224,e18,nodeH,nodeF
1411468309269,e15,nodeD,nodeE
1411468309347,e21,nodeH,nodeK
1411468309413,e19,nodeJ,nodeN
1411468309414,e8,nodeJ,nodeA
1411468309435,e5,nodeJ,nodeG
1411468309496,e12,nodeL,nodeJ
1411468309574,e7,nodeI,nodeA
1411468309669,e7,nodeA,nodeD
1411468309740,e1,nodeE,nodeK
1411468309821,e7,nodeD,nodeG
1411468309844,e6,nodeE,nodeB
1411468309910,e18,nodeF,nodeH
1411468309957,e2,nodeI,nodeK
1411468310014,e10,nodeL,nodeG
1411468310103,e10,nodeG,nodeK
1411468310169,e7,nodeG,nodeB
1411468310239,e7,nodeB,nodeA
1411468310280,e15,nodeE,nodeM
1411468310289,e21,nodeK,nodeN
1411468310352,e10,nodeK,nodeC
1411468310447,e20,nodeB,nodeF
1411468310489,e5,nodeG,nodeM
1411468310515,e12,nodeJ,nodeA
1411468310526,e17,nodeD,nodeN
1411468310542,e12,nodeA,nodeK
1411468310567,e5,nodeM,nodeD
1411468310585,e22,nodeK,nodeA
1411468310590,e17,nodeN,nodeI
1411468310647,e12,nodeK,nodeD
1411468310723,e13,nodeA,nodeE
1411468310807,e5,nodeD,nodeK
1411468310859,e5,nodeK,nodeJ
1411468310902,e1,nodeK,nodeD
1411468310990,e6,nodeB,nodeI
1411468311081,e10,nodeC,nodeD
1411468311092,e7,nodeA,nodeC
1411468311113,e5,nodeJ,nodeH
1411468311159,e12,nodeD,nodeN
1411468311229,e8,nodeA,nodeK
1411468311284,e4,nodeG,nodeB
1411468311296,e3,nodeG,nodeI
1411468311361,e20,nodeF,nodeI
1411468311379,e12,nodeN,nodeL
1411468311472,e16,nodeF,nodeM
1411468311511,e21,nodeN,nodeD
1411468311576,e15,nodeM,nodeL
1411468311586,e13,nodeE,nodeB
1411468311660,e7,nodeC,nodeD
1411468311701,e6,nodeI,nodeN
1411468311710,e10,nodeD,nodeK
1411468311736,e10,nodeK,nodeG
1411468311775,e11,nodeH,nodeB
1411468311777,e18,nodeH,nodeB
1411468311794,e12,nodeL,nodeH
1411468311841,e10,nodeG,nodeN
1411468311889,e4,nodeB,nodeJ
1411468311907,e2,nodeK,nodeB
1411468311915,e17,nodeI,nodeL
1411468311989,e17,nodeL,nodeJ
1411468312000,e20,nodeI,nodeN
1411468312034,e3,nodeI,nodeB
1411468312051,e2,nodeB,nodeI
1411468312071,e21,nodeD,nodeM
1411468312103,e8,nodeK,nodeN
1411468312145,e10,nodeN,nodeE
1411468312149,e3,nodeB,nodeJ
1411468312234,e8,nodeN,nodeH
1411468312243,e12,nodeH,nodeD
1411468312325,e7,nodeD,nodeA
1411468312396,e9,nodeJ,nodeH
1411468312455,e10,nodeE,nodeM
1411468312554,e15,nodeL,nodeH
1411468312584,e10,nodeM,nodeJ
1411468312632,e13,nodeB,nodeC
1411468312636,e8,nodeH,nodeN
1411468312654,e5,nodeH,nodeL
1411468312685,e20,nodeN,nodeJ
1411468312700,e11,nodeB,nodeD
1411468312793,e17,nodeJ,nodeK
1411468312840,e4,nodeJ,nodeL
1411468312904,e11,nodeD,nodeI
1411468312923,e1,nodeD,nodeB
1411468313016,e22,nodeA,nodeL
1411468313110,e18,nodeB,nodeG
1411468313172,e15,nodeH,nodeN
1411468313214,e11,nodeI,nodeE
1411468313257,e12,nodeD,nodeG
1411468313327,e18,nodeG,nodeD
1411468313411,e6,nodeN,nodeC
1411468313448,e1,nodeB,nodeE
1411468313482,e11,nodeE,nodeH
1411468313485,e12,nodeG,nodeI
1411468313574,e18,nodeD,nodeJ
1411468313672,e6,nodeC,nodeB
1411468313704,e12,nodeI,nodeJ
1411468313722,e20,nodeJ,nodeN
1411468313749,e11,nodeH,nodeG
1411468313794,e20,nodeN,nodeA
1411468313853,e8,nodeN,nodeG
1411468313911,e1,nodeE,nodeH
1411468313973,e10,nodeJ,nodeH
1411468314011,e19,nodeN,nodeJ
1411468314024,e6,nodeB,nodeH
1411468314029,e11,nodeG,nodeL
1411468314102,e22,nodeL,nodeK
1411468314175,e14,nodeI,nodeA
1411468314249,e13,nodeC,nodeE
1411468314322,e11,nodeL,nodeB
1411468314361,e10,nodeH,nodeA
1411468314440,e22,nodeK,nodeA
1411468314457,e4,nodeL,nodeE
1411468314512,e3,nodeJ,nodeK
1411468314592,e6,nodeH,nodeC
1411468314619,e8,nodeG,nodeK
1411468314695,e7,nodeA,nodeC
1411468314790,e3,nodeK,nodeL
1411468314859,e1,nodeH,nodeC
1411468314942,e13,nodeE,nodeI
1411468314963,e6,nodeC,nodeN
1411468315042,e4,nodeE,nodeA
1411468315051,e9,nodeH,nodeN
1411468315069,e21,nodeM,nodeC
1411468315153,e19,nodeJ,nodeG
1411468315180,e17,nodeK,nodeF
1411468315191,e6,nodeN,nodeH
1411468315232,e21,nodeC,nodeE
1411468315296,e13,nodeI,nodeD
1411468315333,e20,nodeA,nodeL
1411468315420,e9,nodeN,nodeJ
1411468315442,e11,nodeB,nodeA
1411468315452,e20,nodeL,nodeA
1411468315459,e1,nodeC,nodeF
1411468315547,e19,nodeG,nodeM
1411468315550,e15,nodeN,nodeG
1411468315617,e1,nodeF,nodeJ
1411468315646,e13,nodeD,nodeA
1411468315699,e19,nodeM,nodeH
1411468315761,e19,nodeH,nodeF
1411468315793,e19,nodeF,nodeI
1411468315800,e11,nodeA,nodeB
1411468315878,e9,nodeJ,nodeD
1411468315936,e13,nodeA,nodeD
1411468315958,e6,nodeH,nodeG
1411468316045,e22,nodeA,nodeI
1411468316084,e10,nodeA,nodeF
1411468316151,e14,nodeA,nodeF
1411468316228,e22,nodeI,nodeM
1411468316305,e16,nodeM,nodeD
1411468316332,e6,nodeG,nodeN
1411468316351,e13,nodeD,nodeB
1411468316440,e18,nodeJ,nodeC
1411468316474,e14,nodeF,nodeG
1411468316475,e15,nodeG,nodeH
1411468316493,e13,nodeB,nodeA
1411468316513,e12,nodeJ,nodeC
1411468316519,e5,nodeL,nodeK
1411468316599,e16,nodeD,nodeL
1411468316688,e12,nodeC,nodeM
1411468316747,e13,nodeA,nodeK
1411468316793,e7,nodeC,nodeE
1411468316882,e10,nodeF,nodeA
1411468316957,e5,nodeK,nodeJ
1411468317048,e10,nodeA,nodeC
1411468317056,e7,nodeE,nodeK
1411468317123,e5,nodeJ,nodeM
1411468317208,e18,nodeC,nodeF
1411468317235,e1,nodeJ,nodeC
1411468317329,e20,nodeA,nodeN
1411468317393,e4,nodeA,nodeK
1411468317442,e19,nodeI,nodeB
1411468317496,e7,nodeK,nodeL
1411468317594,e21,nodeE,nodeN
1411468317627,e20,nodeN,nodeL
1411468317709,e9,nodeD,nodeL
1411468317795,e14,nodeG,nodeE
1411468317881,e22,nodeM,nodeH
1411468317953,e5,nodeM,nodeJ
1411468317991,e20,nodeL,nodeK
1411468318032,e10,nodeC,nodeK
1411468318108,e2,nodeI,nodeD
1411468318108,e19,nodeB,nodeA
1411468318203,e16,nodeL,nodeE
1411468318221,e13,nodeK,nodeG
1411468318241,e7,nodeL,nodeF
1411468318243,e1,nodeC,nodeG
1411468318244,e16,nodeE,nodeI
1411468318267,e19,nodeA,nodeE
1411468318328,e21,nodeN,nodeF
1411468318370,e6,nodeN,nodeH
1411468318462,e17,nodeF,nodeG
1411468318531,e8,nodeK,nodeI
1411468318625,e2,nodeD,nodeH
1411468318670,e21,nodeF,nodeI
1411468318692,e6,nodeH,nodeE
1411468318769,e7,nodeF,nodeN
1411468318793,e4,nodeK,nodeJ
1411468318841,e2,nodeH,nodeI
1411468318864,e20,nodeK,nodeA
1411468318868,e15,nodeH,nodeJ
1411468318874,e22,nodeH,nodeF
1411468318970,e2,nodeI,nodeC
1411468319049,e21,nodeI,nodeG
1411468319091,e17,nodeG,nodeI
1411468319174,e3,nodeL,nodeJ
1411468319238,e6,nodeE,nodeJ
1411468319249,e15,nodeJ,nodeD
1411468319341,e15,nodeD,nodeA
1411468319438,e7,nodeN,nodeJ
1411468319461,e18,nodeF,nodeM
1411468319501,e17,nodeI,nodeL
1411468319529,e18,nodeM,nodeB
1411468319538,e1,nodeG,nodeA
1411468319567,e9,nodeL,nodeM
1411468319572,e11,nodeB,nodeL
1411468319634,e20,nodeA,nodeL
1411468319662,e13,nodeG,nodeK
1411468319663,e1,nodeA,nodeB
1411468319708,e15,nodeA,nodeH
1411468319756,e19,nodeE,nodeB
1411468319797,e20,nodeL,nodeD
1411468319857,e12,nodeM,nodeA
1411468319943,e4,nodeJ,nodeD
1411468320001,e3,nodeJ,nodeG
1411468320066,e20,nodeD,nodeM
1411468320135,e20,nodeM,nodeJ
1411468320191,e9,nodeM,nodeK
1411468320256,e9,nodeK,nodeH
1411468320325,e10,nodeK,nodeM
1411468320388,e13,nodeK,nodeI
1411468320486,e15,nodeH,nodeA
1411468320504,e14,nodeE,nodeJ
1411468320570,e1,nodeB,nodeJ
1411468320581,e3,nodeG,nodeJ
1411468320599,e17,nodeL,nodeC
1411468320661,e3,nodeJ,nodeH
1411468320718,e1,nodeJ,nodeA
1411468320779,e11,nodeL,nodeI
1411468320856,e13,nodeI,nodeL
1411468320866,e16,nodeI,nodeG
1411468320907,e7,nodeJ,nodeI
1411468320933,e12,nodeA,nodeC
1411468320946,e21,nodeG,nodeN
1411468321023,e15,nodeA,nodeN
1411468321023,e5,nodeJ,nodeE
1411468321084,e7,nodeI,nodeD
1411468321108,e11,nodeI,nodeG
1411468321143,e14,nodeJ,nodeH
1411468321182,e3,nodeH,nodeC
1411468321278,e8,nodeI,nodeE
1411468321367,e13,nodeL,nodeH
1411468321396,e17,nodeC,nodeH
1411468321429,e20,nodeJ,nodeM
1411468321501,e15,nodeN,nodeK
1411468321534,e17,nodeH,nodeN
1411468321571,e22,nodeF,nodeG
1411468321581,e1,nodeA,nodeE
1411468321675,e13,nodeH,nodeI
1411468321686,e21,nodeN,nodeB
1411468321714,e17,nodeN,nodeD
1411468321762,e6,nodeJ,nodeE
1411468321813,e17,nodeD,nodeE
1411468321848,e10,nodeM,nodeA
1411468321860,e18,nodeB,nodeE
1411468321917,e8,nodeE,nodeG
1411468321949,e7,nodeD,nodeE
1411468322004,e17,nodeE,nodeK
1411468322043,e12,nodeC,nodeA
1411468322067,e9,nodeH,nodeB
1411468322154,e12,nodeA,nodeG
1411468322190,e5,nodeE,nodeD
1411468322287,e14,nodeH,nodeF
1411468322301,e19,nodeB,nodeM
1411468322301,e9,nodeB,nodeK
1411468322387,e9,nodeK,nodeF
1411468322398,e20,nodeM,nodeA
1411468322435,e15,nodeK,nodeN
1411468322454,e1,nodeE,nodeJ
1411468322454,e9,nodeF,nodeA
1411468322471,e18,nodeE,nodeN
1411468322479,e18,nodeN,nodeF
1411468322517,e19,nodeM,nodeL
1411468322595,e8,nodeG,nodeI
1411468322670,e14,nodeF,nodeE
1411468322765,e4,nodeD,nodeM
1411468322809,e9,nodeA,nodeI
1411468322814,e14,nodeE,nodeA
1411468322875,e8,nodeI,nodeG
1411468322883,e6,nodeE,nodeK
1411468322893,e1,nodeJ,nodeK
1411468322901,e10,nodeA,nodeI
1411468322992,e14,nodeA,nodeN
1411468322999,e22,nodeG,nodeF
1411468323061,e3,nodeC,nodeL
1411468323113,e22,nodeF,nodeC
1411468323120,e12,nodeG,nodeL
1411468323172,e17,nodeK,nodeH
1411468323240,e21,nodeB,nodeM
1411468323334,e17,nodeH,nodeC
1411468323369,e15,nodeN,nodeB
1411468323411,e15,nodeB,nodeD
1411468323479,e14,nodeN,nodeL
1411468323479,e18,nodeF,nodeL
1411468323541,e18,nodeL,nodeF
1411468323616,e4,nodeM,nodeC
1411468323644,e2,nodeC,nodeG
1411468323676,e19,nodeL,nodeE
1411468323765,e15,nodeD,nodeJ
1411468323800,e6,nodeK,nodeE
1411468323841,e12,nodeL,nodeC
1411468323867,e2,nodeG,nodeD
1411468323879,e17,nodeC,nodeE
1411468323956,e6,nodeE,nodeG
1411468323956,e20,nodeA,nodeF
1411468324026,e15,nodeJ,nodeC
1411468324029,e19,nodeE,nodeG
1411468324091,e5,nodeD,nodeI
1411468324140,e12,nodeC,nodeI
1411468324186,e4,nodeC,nodeA
1411468324192,e14,nodeL,nodeC
1411468324285,e8,nodeG,nodeF
1411468324374,e20,nodeF,nodeH
1411468324384,e1,nodeK,nodeE
1411468324408,e19,nodeG,nodeA
1411468324465,e20,nodeH,nodeC
1411468324478,e19,nodeA,nodeE
1411468324574,e1,nodeE,nodeD
1411468324598,e2,nodeD,nodeB
1411468324684,e6,nodeG,nodeL
1411468324689,e13,nodeI,nodeL
1411468324739,e22,nodeC,nodeE
1411468324742,e4,nodeA,nodeC
1411468324767,e11,nodeG,nodeL
1411468324829,e17,nodeE,nodeD
1411468324880,e2,nodeB,nodeI
1411468324956,e17,nodeD,nodeG
1411468325019,e8,nodeF,nodeB
1411468325026,e10,nodeI,nodeG
1411468325069,e9,nodeI,nodeB
1411468325105,e4,nodeC,nodeG
1411468325165,e20,nodeC,nodeN
1411468325234,e3,nodeL,nodeG
1411468325245,e16,nodeG,nodeL
1411468325304,e14,nodeC,nodeM
1411468325358,e11,nodeL,nodeD
1411468325373,e12,nodeI,nodeH
1411468325419,e7,nodeE,nodeD
1411468325480,e21,nodeM,nodeJ
1411468325540,e1,nodeD,nodeG
1411468325581,e11,nodeD,nodeH
1411468325648,e9,nodeB,nodeK
1411468325699,e9,nodeK,nodeG
1411468325706,e12,nodeH,nodeA
1411468325759,e6,nodeL,nodeF
1411468325812,e2,nodeI,nodeC
1411468325846,e6,nodeF,nodeL
1411468325918,e12,nodeA,nodeE
1411468325978,e21,nodeJ,nodeC
1411468326011,e21,nodeC,nodeF
1411468326110,e9,nodeG,nodeE
1411468326169,e22,nodeE,nodeK
1411468326238,e18,nodeF,nodeD
1411468326247,e11,nodeH,nodeG
1411468326283,e17,nodeG,nodeL
1411468326379,e21,nodeF,nodeM
1411468326446,e9,nodeE,nodeI
1411468326515,e4,nodeG,nodeF
1411468326519,e5,nodeI,nodeJ
1411468326615,e6,nodeL,nodeE
1411468326643,e18,nodeD,nodeB
1411468326709,e18,nodeB,nodeA
1411468326763,e19,nodeE,nodeD
1411468326784,e3,nodeG,nodeA
1411468326864,e12,nodeE,nodeC
1411468326896,e21,nodeM,nodeN
1411468326986,e5,nodeJ,nodeN
1411468327060,e4,nodeF,nodeM
1411468327066,e18,nodeA,nodeM
1411468327156,e3,nodeA,nodeG
1411468327225,e6,nodeE,nodeA
1411468327288,e12,nodeC,nodeB
1411468327329,e15,nodeC,nodeA
1411468327374,e15,nodeA,nodeL
1411468327429,e9,nodeI,nodeF
1411468327511,e15,nodeL,nodeK
1411468327518,e5,nodeN,nodeM
1411468327615,e6,nodeA,nodeE
1411468327696,e8,nodeB,nodeI
1411468327788,e7,nodeD,nodeN
1411468327796,e3,nodeG,nodeH
1411468327848,e7,nodeN,nodeL
1411468327938,e15,nodeK,nodeB
1411468328018,e22,nodeK,nodeC
1411468328070,e3,nodeH,nodeI
1411468328083,e5,nodeM,nodeK
1411468328139,e17,nodeL,nodeC
1411468328179,e8,nodeI,nodeL
1411468328224,e19,nodeD,nodeC
1411468328291,e10,nodeG,nodeA
1411468328291,e4,nodeM,nodeI
1411468328356,e14,nodeM,nodeA
1411468328447,e1,nodeG,nodeC
1411468328536,e21,nodeN,nodeA
1411468328569,e6,nodeE,nodeG
1411468328597,e4,nodeI,nodeE
1411468328646,e2,nodeC,nodeE
1411468328728,e7,nodeL,nodeF
1411468328773,e16,nodeL,nodeN
1411468328830,e11,nodeG,nodeI
1411468328845,e14,nodeA,nodeF
1411468328848,e6,nodeG,nodeH
1411468328941,e6,nodeH,nodeL
1411468329022,e12,nodeB,nodeK
1411468329087,e13,nodeL,nodeH
1411468329089,e7,nodeF,nodeA
1411468329157,e21,nodeA,nodeB
1411468329200,e1,nodeC,nodeF
1411468329276,e21,nodeB,nodeC
1411468329282,e17,nodeC,nodeJ
1411468329346,e1,nodeF,nodeA
1411468329424,e12,nodeK,nodeJ
1411468329443,e12,nodeJ,nodeA
1411468329525,e12,nodeA,nodeN
1411468329551,e20,nodeN,nodeG
1411468329577,e15,nodeB,nodeD
1411468329662,e22,nodeC,nodeK
1411468329663,e3,nodeI,nodeG
1411468329740,e8,nodeL,nodeK
1411468329779,e4,nodeE,nodeM
1411468329823,e4,nodeM,nodeD
1411468329845,e11,nodeI,nodeD
1411468329943,e10,nodeA,nodeD
1411468329996,e12,nodeN,nodeC
1411468330093,e2,nodeE,nodeM
1411468330159,e14,nodeF,nodeJ
1411468330220,e16,nodeN,nodeF
1411468330275,e8,nodeK,nodeN
1411468330315,e21,nodeC,nodeL
1411468330373,e14,nodeJ,nodeG
1411468330407,e1,nodeA,nodeH
1411468330455,e18,nodeM,nodeD
1411468330495,e22,nodeK,nodeM
1411468330561,e10,nodeD,nodeH
1411468330636,e16,nodeF,nodeJ
1411468330717,e10,nodeH,nodeE
1411468330740,e1,nodeH,nodeJ
1411468330785,e3,nodeG,nodeA
1411468330795,e16,nodeJ,nodeD
1411468330855,e16,nodeD,nodeK
1411468330872,e9,nodeF,nodeL
1411468330920,e1,nodeJ,nodeH
1411468331000,e3,nodeA,nodeJ
1411468331038,e8,nodeN,nodeA
1411468331064,e16,nodeK,nodeJ
1411468331067,e2,nodeM,nodeA
1411468331069,e8,nodeA,nodeN
1411468331168,e3,nodeJ,nodeC
1411468331202,e17,nodeJ,nodeN
1411468331270,e14,nodeG,nodeA
1411468331318,e2,nodeA,nodeF
1411468331318,e8,nodeN,nodeL
1411468331353,e9,nodeL,nodeE
1411468331388,e3,nodeC,nodeE
1411468331410,e10,nodeE,nodeJ
1411468331420,e15,nodeD,nodeL
1411468331475,e22,nodeM,nodeB
1411468331518,e4,nodeD,nodeH
1411468331598,e8,nodeL,nodeM
1411468331601,e6,nodeL,nodeB
1411468331642,e17,nodeN,nodeM
1411468331678,e20,nodeG,nodeE
1411468331711,e1,nodeH,nodeA
1411468331769,e5,nodeK,nodeI
1411468331774,e13,nodeH,nodeN
1411468331810,e12,nodeC,nodeJ
1411468331854,e19,nodeC,nodeE
1411468331872,e21,nodeL,nodeG
1411468331968,e14,nodeA,nodeE
1411468331970,e6,nodeB,nodeA
1411468331997,e8,nodeM,nodeI
1411468332023,e13,nodeN,nodeD
1411468332057,e14,nodeE,nodeC
1411468332101,e7,nodeA,nodeJ
1411468332161,e13,nodeD,nodeB
1411468332242,e21,nodeG,nodeK
1411468332310,e14,nodeC,nodeF
1411468332400,e16,nodeJ,nodeF
1411468332466,e14,nodeF,nodeE
1411468332507,e19,nodeE,nodeC
1411468332555,e21,nodeK,nodeA
1411468332616,e4,nodeH,nodeI
1411468332709,e7,nodeJ,nodeB
1411468332792,e4,nodeI,nodeM
1411468332866,e7,nodeB,nodeC
1411468332935,e1,nodeA,nodeJ
1411468332977,e5,nodeI,nodeM
1411468333042,e21,nodeA,nodeD
1411468333107,e12,nodeJ,nodeK
1411468333184,e19,nodeC,nodeG
1411468333252,e4,nodeM,nodeF
1411468333318,e19,nodeG,nodeB
1411468333329,e11,nodeD,nodeI
1411468333366,e8,nodeI,nodeM
1411468333370,e7,nodeC,nodeM
1411468333433,e5,nodeM,nodeL
1411468333471,e9,nodeE,nodeM
1411468333496,e19,nodeB,nodeM
1411468333500,e10,nodeJ,nodeI
1411468333563,e9,nodeM,nodeA
1411468333615,e4,nodeF,nodeA
1411468333662,e2,nodeF,nodeD
1411468333702,e11,nodeI,nodeH
1411468333782,e18,nodeD,nodeE
1411468333797,e5,nodeL,nodeH
1411468333855,e18,nodeE,nodeJ
1411468333879,e11,nodeH,nodeD
1411468333917,e16,nodeF,nodeE
1411468334006,e13,nodeB,nodeF
1411468334057,e4,nodeA,nodeJ
1411468334071,e8,nodeM,nodeN
1411468334148,e9,nodeA,nodeL
1411468334195,e9,nodeL,nodeM
1411468334218,e12,nodeK,nodeF
1411468334274,e6,nodeA,nodeH
1411468334279,e20,nodeE,nodeC
1411468334357,e13,nodeF,nodeN
1411468334368,e7,nodeM,nodeK
1411468334417,e22,nodeB,nodeH
1411468334500,e2,nodeD,nodeB
1411468334535,e11,nodeD,nodeK
1411468334597,e17,nodeM,nodeD
1411468334684,e19,nodeM,nodeC
1411468334693,e17,nodeD,nodeK
1411468334785,e12,nodeF,nodeN
1411468334871,e18,nodeJ,nodeA
1411468334940,e10,nodeI,nodeB
1411468334977,e18,nodeA,nodeI
1411468335020,e16,nodeE,nodeG
1411468335033,e5,nodeH,nodeC
1411468335047,e22,nodeH,nodeG
1411468335106,e19,nodeC,nodeE
1411468335177,e1,nodeJ,nodeD
1411468335185,e7,nodeK,nodeD
1411468335276,e7,nodeD,nodeB
1411468335338,e22,nodeG,nodeH
1411468335382,e16,nodeG,nodeI
1411468335398,e9,nodeM,nodeI
1411468335453,e16,nodeI,nodeJ
1411468335540,e20,nodeC,nodeD
1411468335559,e12,nodeN,nodeA
1411468335648,e14,nodeE,nodeF
1411468335696,e4,nodeJ,nodeL
1411468335730,e4,nodeL,nodeE
1411468335809,e22,nodeH,nodeG
1411468335880,e15,nodeL,nodeD
1411468335959,e21,nodeD,nodeI
1411468335976,e13,nodeN,nodeI
1411468336044,e7,nodeB,nodeM
1411468336088,e6,nodeH,nodeE
1411468336157,e9,nodeI,nodeF
1411468336218,e10,nodeB,nodeI
1411468336228,e22,nodeG,nodeD
1411468336278,e16,nodeJ,nodeF
1411468336376,e2,nodeB,nodeM
1411468336407,e16,nodeF,nodeL
1411468336457,e16,nodeL,nodeM
1411468336556,e13,nodeI,nodeA
1411468336639,e10,nodeI,nodeA
1411468336737,e2,nodeM,nodeH
1411468336824,e14,nodeF,nodeJ
1411468336917,e13,nodeA,nodeE
1411468336993,e19,nodeE,nodeJ
1411468337013,e7,nodeM,nodeN
1411468337060,e13,nodeE,nodeL
1411468337100,e7,nodeN,nodeI
1411468337179,e4,nodeE,nodeG
1411468337205,e9,nodeF,nodeM
1411468337286,e5,nodeC,nodeN
1411468337346,e3,nodeE,nodeH
1411468337351,e6,nodeE,nodeD
1411468337406,e13,nodeL,nodeK
1411468337425,e17,nodeK,nodeD
1411468337441,e15,nodeD,nodeC
1411468337489,e3,nodeH,nodeL
1411468337586,e21,nodeI,nodeG
1411468337631,e19,nodeJ,nodeH
1411468337674,e13,nodeK,nodeH
1411468337703,e17,nodeD,nodeC
1411468337743,e14,nodeJ,nodeD
1411468337759,e8,nodeN,nodeD
1411468337794,e4,nodeG,nodeI
1411468337852,e2,nodeH,nodeD
1411468337866,e22,nodeD,nodeJ
1411468337903,e7,nodeI,nodeF
1411468337908,e7,nodeF,nodeE
1411468337984,e19,nodeH,nodeI
1411468338012,e12,nodeA,nodeM
1411468338081,e14,nodeD,nodeI
1411468338131,e4,nodeI,nodeA
1411468338228,e6,nodeD,nodeK
1411468338265,e11,nodeK,nodeC
1411468338291,e12,nodeM,nodeN
1411468338339,e12,nodeN,nodeC
1411468338404,e4,nodeA,nodeH
1411468338460,e17,nodeC,nodeG
1411468338520,e14,nodeI,nodeA
1411468338538,e5,nodeN,nodeL
1411468338556,e3,nodeL,nodeK
1411468338593,e12,nodeC,nodeE
1411468338606,e7,nodeE,nodeH
1411468338612,e17,nodeG,nodeN
1411468338701,e9,nodeM,nodeN
1411468338702,e20,nodeD,nodeL
1411468338790,e12,nodeE,nodeA
1411468338805,e3,nodeK,nodeE
1411468338886,e7,nodeH,nodeL
1411468338960,e16,nodeM,nodeN
1411468339037,e18,nodeI,nodeD
1411468339099,e15,nodeC,nodeE
1411468339128,e1,nodeD,nodeI
1411468339167,e12,nodeA,nodeG
1411468339257,e11,nodeC,nodeJ
1411468339353,e13,nodeH,nodeB
1411468339429,e16,nodeN,nodeD
1411468339492,e10,nodeA,nodeN
1411468339584,e7,nodeL,nodeF
1411468339626,e14,nodeA,nodeL
1411468339709,e21,nodeG,nodeI
1411468339800,e13,nodeB,nodeF
1411468339802,e7,nodeF,nodeM
1411468339893,e6,nodeK,nodeJ
1411468339979,e8,nodeD,nodeK
1411468340028,e14,nodeL,nodeA
1411468340118,e21,nodeI,nodeH
1411468340163,e4,nodeH,nodeM
1411468340218,e20,nodeL,nodeJ
1411468340296,e2,nodeD,nodeA
1411468340314,e19,nodeI,nodeF
1411468340372,e9,nodeN,nodeM
1411468340433,e3,nodeE,nodeB
1411468340498,e17,nodeN,nodeG
1411468340558,e10,nodeN,nodeL
1411468340588,e11,nodeJ,nodeA
1411468340618,e12,nodeG,nodeJ
1411468340712,e17,nodeG,nodeB
1411468340797,e4,nodeM,nodeG
1411468340860,e19,nodeF,nodeH
1411468340864,e11,nodeA,nodeC
1411468340871,e13,nodeF,nodeD
1411468340884,e21,nodeH,nodeM
1411468340939,e10,nodeL,nodeC
1411468341035,e17,nodeB,nodeJ
1411468341055,e20,nodeJ,nodeL
1411468341061,e20,nodeL,nodeA
1411468341063,e1,nodeI,nodeD
1411468341127,e10,nodeC,nodeI
1411468341194,e14,nodeA,nodeI
1411468341289,e17,nodeJ,nodeB
1411468341351,e13,nodeD,nodeI
1411468341375,e15,nodeE,nodeG
1411468341400,e9,nodeM,nodeC
1411468341443,e8,nodeK,nodeL
1411468341533,e9,nodeC,nodeL
1411468341578,e3,nodeB,nodeC
1411468341662,e5,nodeL,nodeF
1411468341747,e9,nodeL,nodeM
1411468341753,e19,nodeH,nodeL
1411468341829,e15,nodeG,nodeL
1411468341870,e2,nodeA,nodeH
1411468341960,e13,nodeI,nodeG
1411468341987,e12,nodeJ,nodeI
1411468342005,e19,nodeL,nodeA
1411468342086,e3,nodeC,nodeL
1411468342110,e22,nodeJ,nodeB
1411468342120,e17,nodeB,nodeJ
1411468342145,e7,nodeM,nodeD
1411468342186,e4,nodeG,nodeE
1411468342232,e22,nodeB,nodeE
1411468342311,e16,nodeD,nodeN
1411468342328,e7,nodeD,nodeN
1411468342390,e21,nodeM,nodeC
1411468342457,e7,nodeN,nodeI
1411468342510,e9,nodeM,nodeL
1411468342567,e10,nodeI,nodeF
1411468342578,e12,nodeI,nodeE
1411468342634,e9,nodeL,nodeE
1411468342728,e21,nodeC,nodeK
1411468342783,e5,nodeF,nodeJ
1411468342792,e4,nodeE,nodeL
1411468342850,e2,nodeH,nodeE
1411468342948,e14,nodeI,nodeC
1411468342950,e12,nodeE,nodeD
1411468343042,e6,nodeJ,nodeH
1411468343085,e20,nodeA,nodeF
1411468343138,e18,nodeD,nodeM
1411468343187,e14,nodeC,nodeJ
1411468343270,e18,nodeM,nodeB
1411468343317,e18,nodeB,nodeH
1411468343342,e3,nodeL,nodeE
1411468343356,e12,nodeD,nodeC
1411468343392,e20,nodeF,nodeG
1411468343490,e14,nodeJ,nodeB
1411468343557,e16,nodeN,nodeK
1411468343562,e7,nodeI,nodeK
1411468343603,e20,nodeG,nodeN
1411468343610,e4,nodeL,nodeD
1411468343685,e21,nodeK,nodeE
1411468343741,e22,nodeE,nodeM
1411468343837,e19,nodeA,nodeF
1411468343854,e14,nodeB,nodeH
1411468343921,e7,nodeK,nodeG
1411468343955,e5,nodeJ,nodeC
1411468344047,e14,nodeH,nodeD
1411468344078,e5,nodeC,nodeF
1411468344154,e10,nodeF,nodeK
1411468344208,e4,nodeD,nodeJ
1411468344263,e8,nodeL,nodeJ
1411468344312,e17,nodeJ,nodeE
1411468344394,e4,nodeJ,nodeL
1411468344399,e1,nodeD,nodeI
1411468344420,e21,nodeE,nodeI
1411468344510,e17,nodeE,nodeI
1411468344591,e21,nodeI,nodeH
1411468344651,e13,nodeG,nodeK
1411468344682,e12,nodeC,nodeM
1411468344739,e4,nodeL,nodeD
1411468344821,e4,nodeD,nodeK
1411468344864,e13,nodeK,nodeN
1411468344915,e10,nodeK,nodeL
1411468344933,e13,nodeN,nodeM
1411468345028,e2,nodeE,nodeM
1411468345045,e9,nodeE,nodeI
1411468345049,e6,nodeH,nodeA
1411468345056,e14,nodeD,nodeK
1411468345066,e4,nodeK,nodeA
1411468345092,e4,nodeA,nodeK
1411468345186,e19,nodeF,nodeH
1411468345227,e22,nodeM,nodeL
1411468345290,e6,nodeA,nodeK
1411468345370,e1,nodeI,nodeF
1411468345372,e6,nodeK,nodeF
1411468345456,e12,nodeM,nodeG
1411468345502,e16,nodeK,nodeC
1411468345544,e5,nodeF,nodeK
1411468345593,e4,nodeK,nodeJ
1411468345656,e13,nodeM,nodeK
1411468345678,e8,nodeJ,nodeI
1411468345744,e20,nodeN,nodeJ
1411468345755,e19,nodeH,nodeC
1411468345800,e3,nodeE,nodeJ
1411468345827,e13,nodeK,nodeA
1411468345828,e10,nodeL,nodeK
1411468345845,e1,nodeF,nodeJ
1411468345934,e1,nodeJ,nodeK
1411468345996,e7,nodeG,nodeJ
1411468346090,e2,nodeM,nodeN
1411468346126,e7,nodeJ,nodeL
1411468346152,e4,nodeJ,nodeE
1411468346227,e17,nodeI,nodeD
1411468346241,e4,nodeE,nodeH
1411468346281,e9,nodeI,nodeA
1411468346339,e7,nodeL,nodeM
1411468346355,e4,nodeH,nodeJ
1411468346369,e19,nodeC,nodeB
1411468346457,e19,nodeB,nodeG
1411468346472,e12,nodeG,nodeN
1411468346537,e10,nodeK,nodeH
1411468346553,e6,nodeF,nodeM
1411468346642,e8,nodeI,nodeE
1411468346682,e21,nodeH,nodeD
1411468346712,e21,nodeD,nodeG
1411468346744,e18,nodeH,nodeL
1411468346823,e9,nodeA,nodeE
1411468346882,e4,nodeJ,nodeK
1411468346913,e9,nodeE,nodeF
1411468347002,e4,nodeK,nodeD
1411468347047,e3,nodeJ,nodeH
1411468347089,e8,nodeE,nodeD
1411468347139,e17,nodeD,nodeH
1411468347224,e19,nodeG,nodeI
1411468347279,e10,nodeH,nodeC
1411468347304,e10,nodeC,nodeE
1411468347360,e1,nodeK,nodeE
1411468347395,e12,nodeN,nodeG
1411468347468,e11,nodeC,nodeJ
1411468347530,e12,nodeG,nodeL
1411468347550,e19,nodeI,nodeB
1411468347637,e17,nodeH,nodeI
1411468347731,e16,nodeC,nodeB
1411468347758,e22,nodeL,nodeD
1411468347841,e10,nodeE,nodeK
1411468347904,e12,nodeL,nodeJ
1411468347974,e4,nodeD,nodeE
1411468347974,e9,nodeF,nodeJ
1411468348045,e15,nodeL,nodeE
1411468348076,e18,nodeL,nodeE
1411468348080,e11,nodeJ,nodeB
1411468348171,e11,nodeB,nodeM
1411468348171,e18,nodeE,nodeM
1411468348217,e21,nodeG,nodeA
1411468348303,e10,nodeK,nodeC
1411468348398,e20,nodeJ,nodeH
1411468348420,e16,nodeB,nodeF
1411468348480,e16,nodeF,nodeJ
1411468348493,e9,nodeJ,nodeD
1411468348512,e6,nodeM,nodeN
1411468348568,e19,nodeB,nodeI
1411468348592,e20,nodeH,nodeL
1411468348678,e20,nodeL,nodeN
1411468348682,e4,nodeE,nodeL
1411468348726,e15,nodeE,nodeN
